DROP DATABASE IF EXISTS mcol4699;
CREATE DATABASE mcol4699;
USE mcol4699;
create table t1 (a int, b int) engine=columnstore;
create table t2 (a int, b int) engine=columnstore;
create table t3 (a int, b int) engine=columnstore;
create table t4 (a int, b int) engine=columnstore;
create table t5 (a int, b int) engine=columnstore;
insert into t1 values (1, 3), (2, 3), (3, 4);
insert into t2 values (1, 2), (2, 4), (4, 5);
insert into t3 values (1, 2), (2, 3), (3, 4), (4, 5);
insert into t4 values (1, 3);
insert into t5 values (1, 2), (3, 4);
select * from t1 inner join t2 on (t1.a = t2.a) right join t3 on (t1.a = t3.a and t2.b = t3.b);
a	b	a	b	a	b
1	3	1	2	1	2
NULL	NULL	NULL	NULL	2	3
NULL	NULL	NULL	NULL	3	4
NULL	NULL	NULL	NULL	4	5
select * from t1 inner join t2 on (t1.a = t2.a) right join t3 on (t1.a = t3.a and t2.b = t3.b) left join t4 on (t3.a = t4.a);
a	b	a	b	a	b	a	b
1	3	1	2	1	2	1	3
NULL	NULL	NULL	NULL	2	3	NULL	NULL
NULL	NULL	NULL	NULL	3	4	NULL	NULL
NULL	NULL	NULL	NULL	4	5	NULL	NULL
select * from t1 inner join t2 on (t1.a = t2.a) right join t3 on (t1.a = t3.a and t2.b = t3.b) where (t3.a = 1 or t3.a = 3);
a	b	a	b	a	b
1	3	1	2	1	2
NULL	NULL	NULL	NULL	3	4
select * from t1 inner join t2 on (t1.a = t2.a) right join t3 on (t1.a = t3.a and t2.b = t3.b) where (t3.a > 1);
a	b	a	b	a	b
NULL	NULL	NULL	NULL	2	3
NULL	NULL	NULL	NULL	3	4
NULL	NULL	NULL	NULL	4	5
select * from t1 inner join t2 on (t1.a = t2.a) right join t3 on (t2.a = t3.a) left join t4 on (t3.a = t4.a and t1.b = t4.b) order by t3.a;
a	b	a	b	a	b	a	b
1	3	1	2	1	2	1	3
2	3	2	4	2	3	NULL	NULL
NULL	NULL	NULL	NULL	3	4	NULL	NULL
NULL	NULL	NULL	NULL	4	5	NULL	NULL
select * from t1 inner join t2 on (t1.a = t2.a) right join t3 on (t2.a = t3.a) left join t4 on (t3.a = t4.a and t2.b = t4.b) order by t3.a;
a	b	a	b	a	b	a	b
1	3	1	2	1	2	NULL	NULL
2	3	2	4	2	3	NULL	NULL
NULL	NULL	NULL	NULL	3	4	NULL	NULL
NULL	NULL	NULL	NULL	4	5	NULL	NULL
select * from t1 inner join t2 on (t1.a = t2.a) right join t3 on (t1.a = t3.a and t2.b = t3.b and t3.a > t1.a);
a	b	a	b	a	b
NULL	NULL	NULL	NULL	1	2
NULL	NULL	NULL	NULL	2	3
NULL	NULL	NULL	NULL	3	4
NULL	NULL	NULL	NULL	4	5
select * from t1 inner join t2 on (t1.a = t2.a) right join t3 on (t1.a = t3.a and t2.b = t3.b and t3.a > t2.a and t3.a > t1.a);
a	b	a	b	a	b
NULL	NULL	NULL	NULL	1	2
NULL	NULL	NULL	NULL	2	3
NULL	NULL	NULL	NULL	3	4
NULL	NULL	NULL	NULL	4	5
select * from t1 inner join t2 on (t1.a = t2.a) right join t3 on (t1.a = t3.a and t2.b = t3.b and t3.b > t2.a and t3.a < t1.b);
a	b	a	b	a	b
1	3	1	2	1	2
NULL	NULL	NULL	NULL	2	3
NULL	NULL	NULL	NULL	3	4
NULL	NULL	NULL	NULL	4	5
select * from t1 inner join t2 on (t1.a = t2.a) right join t3 on (t1.a = t3.a and t2.b = t3.b) left join t4 on (t3.a = t4.a and t2.a = t4.a) order by t3.a;
a	b	a	b	a	b	a	b
1	3	1	2	1	2	1	3
NULL	NULL	NULL	NULL	2	3	NULL	NULL
NULL	NULL	NULL	NULL	3	4	NULL	NULL
NULL	NULL	NULL	NULL	4	5	NULL	NULL
select * from t1 inner join t2 on (t1.a = t2.a) right join t3 on (t1.a = t3.a and t2.b = t3.b) right join t4 on (t3.a = t4.a and t2.a = t4.a) order by t3.a;
a	b	a	b	a	b	a	b
1	3	1	2	1	2	1	3
select * from t1 inner join t2 on (t1.a = t2.a) right join t3 on (t1.a = t3.a) left join t4 on (t3.a = t4.a and t1.a = t4.a and t2.a = t4.a);
a	b	a	b	a	b	a	b
1	3	1	2	1	2	1	3
2	3	2	4	2	3	NULL	NULL
NULL	NULL	NULL	NULL	3	4	NULL	NULL
NULL	NULL	NULL	NULL	4	5	NULL	NULL
select * from t1 inner join t2 on (t1.a = t2.a) right join t3 on (t1.a = t3.a) right join t4 on (t3.a = t4.a and t1.a = t4.a and t2.a = t4.a);
a	b	a	b	a	b	a	b
1	3	1	2	1	2	1	3
select * from t1 inner join t2 on (t1.a = t2.a) right join t3 on (t1.a = t3.a and t2.b = t3.b) left join t4 on (t3.a = t4.a and t2.a = t4.a) left join t5 on (t4.a = t5.a and t3.b = t5.b);
a	b	a	b	a	b	a	b	a	b
1	3	1	2	1	2	1	3	1	2
NULL	NULL	NULL	NULL	2	3	NULL	NULL	NULL	NULL
NULL	NULL	NULL	NULL	3	4	NULL	NULL	NULL	NULL
NULL	NULL	NULL	NULL	4	5	NULL	NULL	NULL	NULL
select * from t1 inner join t2 on (t1.a = t2.a) right join t3 on (t1.a = t3.a and t2.b = t3.b) left join t4 on (t3.a = t4.a and t2.a = t4.a) right join t5 on (t4.a = t5.a and t3.b = t5.b);
a	b	a	b	a	b	a	b	a	b
1	3	1	2	1	2	1	3	1	2
NULL	NULL	NULL	NULL	NULL	NULL	NULL	NULL	3	4
drop table t1;
drop table t2;
drop table t3;
drop table t4;
drop table t5;
DROP DATABASE mcol4699;
